/*BASE DE DATOS*/
USE GD1C2017;
-- CREANDO ESQUEMA
BEGIN TRANSACTION

IF NOT EXISTS (SELECT * FROM sys.schemas WHERE name = N'GDDIANOS')
EXEC sys.sp_executesql N'CREATE SCHEMA [GDDIANOS] AUTHORIZATION [gd]'
COMMIT;

-- DROP DE TABLAS
IF EXISTS(SELECT * FROM dbo.sysobjects WHERE id = OBJECT_ID('GDDIANOS.ROL_POR_USUARIO') AND OBJECTPROPERTY(id, 'IsUserTable') = 1)
DROP TABLE GDDIANOS.ROL_POR_USUARIO

IF EXISTS(SELECT * FROM dbo.sysobjects WHERE id = OBJECT_ID('GDDIANOS.FUNCIONALIDAD_POR_ROL') AND OBJECTPROPERTY(id, 'IsUserTable') = 1)
DROP TABLE GDDIANOS.FUNCIONALIDAD_POR_ROL

IF EXISTS(SELECT * FROM dbo.sysobjects WHERE id = OBJECT_ID('GDDIANOS.FUNCIONALIDAD') AND OBJECTPROPERTY(id, 'IsUserTable') = 1)
DROP TABLE GDDIANOS.FUNCIONALIDAD


IF EXISTS(SELECT * FROM dbo.sysobjects WHERE id = OBJECT_ID('GDDIANOS.ROL') AND OBJECTPROPERTY(id, 'IsUserTable') = 1)
DROP TABLE GDDIANOS.ROL


IF EXISTS(SELECT * FROM dbo.sysobjects WHERE id = OBJECT_ID('GDDIANOS.COCHE') AND OBJECTPROPERTY(id, 'IsUserTable') = 1)
DROP TABLE GDDIANOS.COCHE


IF EXISTS(SELECT * FROM dbo.sysobjects WHERE id = OBJECT_ID('GDDIANOS.PAGO') AND OBJECTPROPERTY(id, 'IsUserTable') = 1)
DROP TABLE GDDIANOS.PAGO


IF EXISTS(SELECT * FROM dbo.sysobjects WHERE id = OBJECT_ID('GDDIANOS.FACTURA') AND OBJECTPROPERTY(id, 'IsUserTable') = 1)
DROP TABLE GDDIANOS.FACTURA

IF EXISTS(SELECT * FROM dbo.sysobjects WHERE id = OBJECT_ID('GDDIANOS.VIAJE') AND OBJECTPROPERTY(id, 'IsUserTable') = 1)
DROP TABLE GDDIANOS.VIAJE

IF EXISTS(SELECT * FROM dbo.sysobjects WHERE id = OBJECT_ID('GDDIANOS.TURNO') AND OBJECTPROPERTY(id, 'IsUserTable') = 1)
DROP TABLE GDDIANOS.TURNO


IF EXISTS(SELECT * FROM dbo.sysobjects WHERE id = OBJECT_ID('GDDIANOS.USUARIO') AND OBJECTPROPERTY(id, 'IsUserTable') = 1)
DROP TABLE GDDIANOS.USUARIO

IF EXISTS(SELECT * FROM dbo.sysobjects WHERE id = OBJECT_ID('GDDIANOS.PERSONA') AND OBJECTPROPERTY(id, 'IsUserTable') = 1)
DROP TABLE GDDIANOS.PERSONA


/*Drops procedures*/

IF EXISTS(SELECT * FROM dbo.sysobjects WHERE id = OBJECT_ID('GDDIANOS.GET_ROLES_USUARIO'))
DROP PROCEDURE GDDIANOS.GET_ROLES_USUARIO

IF EXISTS(SELECT * FROM dbo.sysobjects WHERE id = OBJECT_ID('GDDIANOS.GET_FUNCIONALIDADES_POR_ROL'))
DROP PROCEDURE GDDIANOS.GET_FUNCIONALIDADES_POR_ROL

IF EXISTS(SELECT * FROM dbo.sysobjects WHERE id = OBJECT_ID('GDDIANOS.EXISTE_USUARIO'))
DROP PROCEDURE GDDIANOS.EXISTE_USUARIO

IF EXISTS(SELECT * FROM dbo.sysobjects WHERE id = OBJECT_ID('GDDIANOS.PASSWORD_CORRECTA'))
DROP PROCEDURE GDDIANOS.PASSWORD_CORRECTA

IF EXISTS(SELECT * FROM dbo.sysobjects WHERE id = OBJECT_ID('GDDIANOS.GET_FUNCIONALIDADES_ROL'))
DROP PROCEDURE GDDIANOS.GET_FUNCIONALIDADES_ROL

IF EXISTS(SELECT * FROM dbo.sysobjects WHERE id = OBJECT_ID('GDDIANOS.FIND_PERSONA'))
DROP PROCEDURE GDDIANOS.FIND_PERSONA

IF EXISTS(SELECT * FROM dbo.sysobjects WHERE id = OBJECT_ID('GDDIANOS.GET_PERSONA'))
DROP PROCEDURE GDDIANOS.GET_PERSONA

IF EXISTS(SELECT * FROM dbo.sysobjects WHERE id = OBJECT_ID('GDDIANOS.GET_TELEFONO'))
DROP PROCEDURE GDDIANOS.GET_TELEFONO

IF EXISTS(SELECT * FROM dbo.sysobjects WHERE id = OBJECT_ID('GDDIANOS.MODIFICAR_PERSONA'))
DROP PROCEDURE GDDIANOS.MODIFICAR_PERSONA

IF EXISTS(SELECT * FROM dbo.sysobjects WHERE id = OBJECT_ID('GDDIANOS.BAJA_PERSONA'))
DROP PROCEDURE GDDIANOS.BAJA_PERSONA

/*Drops TRIGGERS*/

IF EXISTS(SELECT * FROM dbo.sysobjects WHERE id = OBJECT_ID('GDDIANOS.TRIG_ALTA_USUARIO'))
DROP TRIGGER GDDIANOS.TRIG_ALTA_USUARIO


/*Drops FUNCTIONS*/
IF EXISTS(SELECT * FROM dbo.sysobjects WHERE id = OBJECT_ID('GDDIANOS.PASSWORD_HASH'))
DROP FUNCTION GDDIANOS.PASSWORD_HASH

IF EXISTS(SELECT * FROM dbo.sysobjects WHERE id = OBJECT_ID('GDDIANOS.GETIDPERSONAPORDNI'))
DROP FUNCTION GDDIANOS.GETIDPERSONAPORDNI
/**************/
/* SECUENCIAS */
/**************/

/**********/
/* TABLAS */
/**********/

CREATE TABLE GDDIANOS.PERSONA
(
		PERS_ID INT IDENTITY(1,1) PRIMARY KEY,
		PERS_TELEFONO NUMERIC (18,0) UNIQUE NOT NULL,
		PERS_NOMBRE VARCHAR(255) NOT NULL,
		PERS_APELLIDO VARCHAR(255) NOT NULL,
		PERS_DNI NUMERIC(18,0) NOT NULL,
		PERS_DIRECCION VARCHAR(255) NOT NULL UNIQUE,
		PERS_FECHA_NACIM DATETIME NULL,
		PERS_ESTADO BIT NOT NULL DEFAULT 1,
		PERS_MAIL VARCHAR(255) DEFAULT 'SIN EMAIL',
		PERS_TIPO INT NOT NULL, /*1: AMBOS/ADMIN, 2: CHOFER , 3: CLIENTE*/
		PERS_COD_POSTAL VARCHAR(8) DEFAULT '1'
		
);
CREATE TABLE GDDIANOS.USUARIO
(
		USUA_USERNAME VARCHAR(50) NOT NULL PRIMARY KEY,
		USUA_PASSWORD VARBINARY(32) NOT NULL,
		USUA_CANTIDAD_INTENTOS INT NOT NULL DEFAULT 0,
		USUA_ESTADO BIT NOT NULL DEFAULT 1,
		USUA_PERS_ID INT,
		
		CONSTRAINT FK_USUARIO_PERSONA FOREIGN KEY(USUA_PERS_ID) REFERENCES  GDDIANOS.PERSONA(PERS_ID)
);

CREATE TABLE GDDIANOS.ROL
(	
	ROL_ID INT NOT NULL PRIMARY KEY,
	ROL_NOMBRE VARCHAR(15) NOT NULL,
	ROL_ESTADO BIT NOT NULL DEFAULT 1
);

CREATE TABLE GDDIANOS.ROL_POR_USUARIO
(
	ROL_USUA_USERNAME VARCHAR(50) NOT NULL,
	ROL_ROL_ID INT NOT NULL, 
	
	CONSTRAINT PK_ROL_POR_USUARIO PRIMARY KEY (ROL_USUA_USERNAME,ROL_ROL_ID),
	CONSTRAINT FK_USUARIO_ROL_USUARIO FOREIGN KEY (ROL_USUA_USERNAME) REFERENCES GDDIANOS.USUARIO(USUA_USERNAME),
	CONSTRAINT FK_USUARIO_ROL_ROL FOREIGN KEY (ROL_ROL_ID) REFERENCES GDDIANOS.ROL(ROL_ID)

);

CREATE TABLE GDDIANOS.FUNCIONALIDAD
(
	FUNCIONALIDAD_ID INT NOT NULL PRIMARY KEY,
	DESCRIPCION VARCHAR(255) NOT NULL
);

CREATE TABLE GDDIANOS.FUNCIONALIDAD_POR_ROL
(
	FUNC_ROL_ID INT NOT NULL,
	FUNC_ID INT NOT NULL,
	
	CONSTRAINT PK_FUNCIONALIDAD_POR_ROL_ROL PRIMARY KEY (FUNC_ROL_ID,FUNC_ID),
	CONSTRAINT FK_FUNCIONALIDAD_POR_ROL_ROL FOREIGN KEY (FUNC_ROL_ID) REFERENCES GDDIANOS.ROL(ROL_ID),
	CONSTRAINT FK_FUNCIONALIDAD_POR_ROL_FUNCIONALIDAD FOREIGN KEY (FUNC_ID) REFERENCES GDDIANOS.FUNCIONALIDAD(FUNCIONALIDAD_ID)
);



CREATE TABLE GDDIANOS.TURNO
(
	TURNO_ID INT IDENTITY(1,1) NOT NULL PRIMARY KEY,
	TURNO_HORA_INICIO DATETIME NOT NULL,
	TURNO_HORA_FIN DATETIME NOT NULL,
	TURNO_DESCRIPCION VARCHAR(50) NOT NULL,
	TURNO_VALOR_KM FLOAT NOT NULL,
	TURNO_PRECIO_BASE FLOAT NOT NULL,
	TURNO_ESTADO BIT NOT NULL DEFAULT 1
	
	
);

CREATE TABLE GDDIANOS.COCHE
(
	COCHE_PATENTE CHAR(10) NOT NULL PRIMARY KEY,
	COCHE_ESTADO BIT NOT NULL DEFAULT 1,
	COCHE_MARCA VARCHAR(20) NOT NULL,
	COCHE_MODELO VARCHAR(20) NOT NULL,
	COCHE_CHOF_PERS_ID INT UNIQUE NOT NULL,
	COCHE_TURN_ID INT NOT NULL,
	
	CONSTRAINT FK_COCHE_PERS_ID FOREIGN KEY (COCHE_CHOF_PERS_ID) REFERENCES GDDIANOS.PERSONA(PERS_ID),
	CONSTRAINT FK_COCHE_TURN_ID FOREIGN KEY (COCHE_TURN_ID) REFERENCES GDDIANOS.TURNO(TURNO_ID)
);


CREATE TABLE GDDIANOS.VIAJE
(
	VIAJE_ID INT NOT NULL PRIMARY KEY,
	VIAJE_TURNO_ID INT NOT NULL,
	VIAJE_FECHA_INICIO DATETIME NOT NULL,
	VIAJE_FECHA_FIN DATETIME NOT NULL,
	VIAJE_CANTIDAD_KM FLOAT NOT NULL,
	VIAJE_CHOF_PERS_ID INT NOT NULL,
	VIAJE_CLIENTE_PERS_ID INT NOT NULL,
	
	CONSTRAINT FK_VIAJE_TURNO FOREIGN KEY (VIAJE_TURNO_ID) REFERENCES GDDIANOS.TURNO(TURNO_ID),
	CONSTRAINT FK_VIAJE_PERSONA_CHOFER FOREIGN KEY (VIAJE_CHOF_PERS_ID) REFERENCES GDDIANOS.PERSONA(PERS_ID),
	CONSTRAINT FK_VIAJE_PERSONA_CLIENTE FOREIGN KEY (VIAJE_CLIENTE_PERS_ID) REFERENCES GDDIANOS.PERSONA(PERS_ID)
);

CREATE TABLE GDDIANOS.FACTURA
(
	FACT_ID INT NOT NULL PRIMARY KEY,
	FACT_VIAJE_ID INT NOT NULL,
	FACT_FECHA_GENERADA DATETIME NOT NULL,
	FACT_FECHA_INICIO DATETIME NOT NULL,
	FACT_FECHA_FIN DATETIME NOT NULL,
	FACT_IMPORTA_TOTAL FLOAT NOT NULL,
	
	CONSTRAINT FK_FACTURA_VIAJE FOREIGN KEY (FACT_VIAJE_ID) REFERENCES GDDIANOS.VIAJE(VIAJE_ID)
);

CREATE TABLE GDDIANOS.PAGO
(
	PAGO_FECHA DATETIME NOT NULL,
	PAGO_PERS_ID INT NOT NULL,
	PAGO_TURNO_ID INT NOT NULL,
	PAGO_IMPORTE_TOTAL FLOAT NOT NULL,
	
	CONSTRAINT FK_PAGO_PERSONA FOREIGN KEY (PAGO_PERS_ID) REFERENCES GDDIANOS.PERSONA(PERS_ID)
);

go

/**************/
/* PROCEDURES */
/**************/

CREATE PROCEDURE GDDIANOS.GET_ROLES_USUARIO(@USUARIO VARCHAR(255)) AS
BEGIN
	SELECT R.ROL_NOMBRE,R.ROL_ID FROM GDDIANOS.ROL R
	INNER JOIN GDDIANOS.ROL_POR_USUARIO RU ON RU.ROL_ROL_ID=R.ROL_ID
	INNER JOIN GDDIANOS.USUARIO U ON U.USUA_USERNAME=RU.ROL_USUA_USERNAME
	WHERE U.USUA_ESTADO=1 AND R.ROL_ESTADO=1 AND U.USUA_USERNAME=@USUARIO
	return 1
END;

GO
CREATE PROCEDURE GDDIANOS.EXISTE_USUARIO(@USUARIO VARCHAR(255)) AS
BEGIN
	DECLARE @CANTIDAD INT
	
	SELECT @CANTIDAD = COUNT(USUA_USERNAME) FROM GDDIANOS.USUARIO
	WHERE USUA_USERNAME = @USUARIO AND
		  USUA_ESTADO = 1
	
	RETURN @CANTIDAD
END;

GO
CREATE PROCEDURE GDDIANOS.PASSWORD_CORRECTA(@USUARIO VARCHAR(255),@PASSWORD VARCHAR(64)) AS
BEGIN
	DECLARE @HASH_PASS VARBINARY(32), @CANTIDAD INT
	SET @HASH_PASS = CONVERT(VARBINARY(32), @PASSWORD, 2)

	SELECT @CANTIDAD = COUNT(USUA_USERNAME) FROM GDDIANOS.USUARIO
	WHERE USUA_ESTADO = 1 AND
		  USUA_USERNAME = @USUARIO AND
		  USUA_PASSWORD = @HASH_PASS

	RETURN @CANTIDAD
END

GO
CREATE PROCEDURE GDDIANOS.GET_FUNCIONALIDADES_ROL(@ROL_ID INT) AS
BEGIN
	SELECT FUNCIONALIDAD_ID, DESCRIPCION AS Funcionalidad FROM GDDIANOS.FUNCIONALIDAD_POR_ROL, GDDIANOS.FUNCIONALIDAD
	WHERE FUNC_ROL_ID = @ROL_ID AND
		  FUNC_ID = FUNCIONALIDAD_ID
END

GO
create procedure GDDIANOS.GET_FUNCIONALIDADES_POR_ROL (@ID int)
AS
BEGIN
RETURN (
	SELECT FUNCIONALIDAD_ID
	FROM  GDDIANOS.FUNCIONALIDAD JOIN  GDDIANOS.FUNCIONALIDAD_POR_ROL ON (FUNCIONALIDAD_ID = FUNC_ID)
	JOIN  GDDIANOS.ROL ON (FUNC_ROL_ID = ROL_ID)
	WHERE ROL_ID = @ID)
END;

GO
CREATE PROCEDURE GDDIANOS.FIND_PERSONA(@NOMBRE VARCHAR(255) = NULL,@APELLIDO VARCHAR(255) = NULL, 
	@DOC VARCHAR(18) = NULL, @TIPO INT) AS
BEGIN
	SELECT PERS_ID AS ID, PERS_TIPO AS Tipo, PERS_DNI AS Numero, 
	PERS_NOMBRE AS Nombre, PERS_APELLIDO AS Apellido, PERS_FECHA_NACIM AS 'Fecha Nacimiento'
	FROM GDDIANOS.PERSONA 
	WHERE (@NOMBRE IS NULL OR PERS_NOMBRE LIKE '%' + @NOMBRE + '%') AND
		  (@APELLIDO IS NULL OR PERS_APELLIDO LIKE '%' + @APELLIDO + '%') AND
		  (@DOC IS NULL OR PERS_DNI LIKE '%' + @DOC + '%') AND
		  (@TIPO IS NULL OR PERS_TIPO= @TIPO or PERS_TIPO=1)		  
		  
END;

CREATE PROCEDURE BAJA_PERSONA (@ID INT)
AS
BEGIN
UPDATE GDDIANOS.PERSONA SET PERS_ESTADO = 0 WHERE (PERS_ID = @ID)
END

GO
CREATE PROCEDURE GDDIANOS.MODIFICAR_PERSONA (@ID INT,@TELEFONO INT, @NOMBRE VARCHAR(255),
@APELLIDO VARCHAR(255),@DNI NUMERIC(18,0), @DIRECCION VARCHAR(255), @FECHA DATETIME,
@MAIL VARCHAR(255), @ESTADO BIT, @COD VARCHAR(8))
AS
BEGIN
	
	SET DATEFORMAT DMY

	UPDATE GDDIANOS.PERSONA
	SET PERS_TELEFONO = @TELEFONO, PERS_NOMBRE = @NOMBRE, PERS_APELLIDO = @APELLIDO,
	PERS_DNI = @DNI, PERS_DIRECCION = @DIRECCION, PERS_FECHA_NACIM = @FECHA,
	PERS_ESTADO = @ESTADO, PERS_MAIL = @MAIL, PERS_TIPO = PERS_TIPO, PERS_COD_POSTAL = @COD
	WHERE (PERS_ID = @ID)
	
END

GO
CREATE PROCEDURE GDDIANOS.GET_TELEFONO(@TELEFONO INT, @ID INT) AS
BEGIN
	RETURN (SELECT COUNT(*)
	FROM GDDIANOS.PERSONA PERSONAS
	WHERE PERSONAS.PERS_TELEFONO = @TELEFONO AND PERSONAS.PERS_ID != @ID)
END

GO
CREATE PROCEDURE GDDIANOS.GET_PERSONA(@ID INT) AS
BEGIN
	SELECT * FROM GDDIANOS.PERSONA PERSONAS, GDDIANOS.USUARIO USUARIOS
	WHERE PERSONAS.PERS_ID = @ID AND USUARIOS.USUA_PERS_ID = PERSONAS.PERS_ID
END

/*FUNCIONES*/
GO

CREATE FUNCTION GDDIANOS.PASSWORD_HASH(@PASSWORD NUMERIC(18,0))
	RETURNS VARBINARY(32)
	BEGIN
		RETURN CONVERT(VARBINARY(32),HASHBYTES('SHA2_256',CONVERT(VARCHAR(32),@PASSWORD)))
	END;
GO
CREATE FUNCTION GDDIANOS.GETIDPERSONAPORDNI(@DNI_CHOF NUMERIC(18,0))
RETURNS INT
BEGIN
	DECLARE @CHOFER INT
	SELECT  @CHOFER = PERS_ID  FROM GDDIANOS.PERSONA WHERE (PERSONA.PERS_TIPO=2 OR PERSONA.PERS_TIPO=3) AND  PERSONA.PERS_DNI=@DNI_CHOF 
	RETURN @CHOFER
END;
/*TRIGGERS*/
GO

/*SE GENERA EL ADMIN ANTES DE CREAR EL TRIGGER DE PERSONA, PARA PODER DEJAR LA CONTRASENIA POR DEFECTO DEL TP Y EL NOMBRE. EN EL PROGRAMA
AL INSERTAR UNA PERSONA SE INSERTA AUTOMATICAMENTE UN USUARIO CON USERNAME Y PASSWORD COMO EL DNI*/
INSERT INTO GDDIANOS.ROL (ROL_ID,ROL_NOMBRE,ROL_ESTADO) VALUES(1,'ADMIN',1);
INSERT INTO GDDIANOS.ROL (ROL_ID,ROL_NOMBRE,ROL_ESTADO) VALUES(2,'CHOFER',1);
INSERT INTO GDDIANOS.ROL (ROL_ID,ROL_NOMBRE,ROL_ESTADO) VALUES(3,'CLIENTE',1);	
		
INSERT INTO GDDIANOS.PERSONA VALUES ( 123455, 'ADMIN', 'ADMIN', 38457835, 'UBERFRBA', 25/10/1994,1,'',3,'1');

INSERT INTO GDDIANOS.USUARIO VALUES ('ADMIN', CONVERT(VARBINARY(32),'e6b87050bfcb8143fcb8db0170a4dc9ed00d904ddd3e2a4ad1b1e8dc0fdc9be7',2),0,1,1);
INSERT INTO GDDIANOS.ROL_POR_USUARIO (ROL_USUA_USERNAME,ROL_ROL_ID) VALUES('ADMIN',1);
INSERT INTO GDDIANOS.ROL_POR_USUARIO (ROL_USUA_USERNAME,ROL_ROL_ID) VALUES('ADMIN',2);
INSERT INTO GDDIANOS.ROL_POR_USUARIO (ROL_USUA_USERNAME,ROL_ROL_ID) VALUES('ADMIN',3);


GO

CREATE TRIGGER GDDIANOS.TRIG_ALTA_USUARIO ON GDDIANOS.PERSONA FOR INSERT
AS
BEGIN
	DECLARE @PERS_TIPO_USUA INT;
	DECLARE @PERS_DNI NUMERIC(18,0);

	INSERT INTO GDDIANOS.USUARIO
	(USUA_USERNAME,USUA_PASSWORD,USUA_CANTIDAD_INTENTOS,USUA_ESTADO,USUA_PERS_ID)
	SELECT PERS_DNI,CONVERT(VARBINARY(32),GDDIANOS.PASSWORD_HASH(PERS_DNI),2),0,1,PERS_ID FROM INSERTED;

	SELECT @PERS_TIPO_USUA = PERS_TIPO,@PERS_DNI=PERS_DNI FROM INSERTED;
	IF(@PERS_TIPO_USUA=3)
	BEGIN
	  INSERT INTO GDDIANOS.ROL_POR_USUARIO (ROL_USUA_USERNAME,ROL_ROL_ID) VALUES(@PERS_DNI,3)
	  INSERT INTO GDDIANOS.ROL_POR_USUARIO (ROL_USUA_USERNAME,ROL_ROL_ID) VALUES(@PERS_DNI,2)
	  INSERT INTO GDDIANOS.ROL_POR_USUARIO (ROL_USUA_USERNAME,ROL_ROL_ID) VALUES(@PERS_DNI,1)
	END ELSE
	BEGIN
	INSERT INTO GDDIANOS.ROL_POR_USUARIO (ROL_USUA_USERNAME,ROL_ROL_ID) VALUES(@PERS_DNI,@PERS_TIPO_USUA)
	END;

END;
GO


GO

INSERT INTO GDDIANOS.FUNCIONALIDAD
(FUNCIONALIDAD_ID,DESCRIPCION)
VALUES(1,'altaAutomovil');

INSERT INTO GDDIANOS.FUNCIONALIDAD
(FUNCIONALIDAD_ID,DESCRIPCION)
VALUES(2,'bajaAutomovil');

INSERT INTO GDDIANOS.FUNCIONALIDAD
(FUNCIONALIDAD_ID,DESCRIPCION)
VALUES(3,'modificacionAutomovil');

INSERT INTO GDDIANOS.FUNCIONALIDAD
(FUNCIONALIDAD_ID,DESCRIPCION)
VALUES(4,'altaChofer');

INSERT INTO GDDIANOS.FUNCIONALIDAD
(FUNCIONALIDAD_ID,DESCRIPCION)
VALUES(5,'bajaChofer');

INSERT INTO GDDIANOS.FUNCIONALIDAD
(FUNCIONALIDAD_ID,DESCRIPCION)
VALUES(6,'modificacionChofer');

INSERT INTO GDDIANOS.FUNCIONALIDAD
(FUNCIONALIDAD_ID,DESCRIPCION)
VALUES(7,'altaCliente');

INSERT INTO GDDIANOS.FUNCIONALIDAD
(FUNCIONALIDAD_ID,DESCRIPCION)
VALUES(8,'bajaCliente');

INSERT INTO GDDIANOS.FUNCIONALIDAD
(FUNCIONALIDAD_ID,DESCRIPCION)
VALUES(9,'modificacionCliente');

INSERT INTO GDDIANOS.FUNCIONALIDAD
(FUNCIONALIDAD_ID,DESCRIPCION)
VALUES(10,'facturacion');

INSERT INTO GDDIANOS.FUNCIONALIDAD
(FUNCIONALIDAD_ID,DESCRIPCION)
VALUES(11,'listadoEstadistico');

INSERT INTO GDDIANOS.FUNCIONALIDAD
(FUNCIONALIDAD_ID,DESCRIPCION)
VALUES(12,'registroDeViajes');

INSERT INTO GDDIANOS.FUNCIONALIDAD
(FUNCIONALIDAD_ID,DESCRIPCION)
VALUES(13,'rendicionDeViajes');


INSERT INTO GDDIANOS.FUNCIONALIDAD
(FUNCIONALIDAD_ID,DESCRIPCION)
VALUES(14,'altaRol');


INSERT INTO GDDIANOS.FUNCIONALIDAD
(FUNCIONALIDAD_ID,DESCRIPCION)
VALUES(15,'bajaRol');

INSERT INTO GDDIANOS.FUNCIONALIDAD
(FUNCIONALIDAD_ID,DESCRIPCION)
VALUES(16,'modificacionRol');

INSERT INTO GDDIANOS.FUNCIONALIDAD
(FUNCIONALIDAD_ID,DESCRIPCION)
VALUES(17,'altaTurno');

INSERT INTO GDDIANOS.FUNCIONALIDAD
(FUNCIONALIDAD_ID,DESCRIPCION)
VALUES(18,'bajaTurno');

INSERT INTO GDDIANOS.FUNCIONALIDAD
(FUNCIONALIDAD_ID,DESCRIPCION)
VALUES(19,'modificacionTurno');



INSERT INTO GDDIANOS.FUNCIONALIDAD_POR_ROL 
(FUNC_ROL_ID,FUNC_ID) 
VALUES(1,1);

INSERT INTO GDDIANOS.FUNCIONALIDAD_POR_ROL
(FUNC_ROL_ID,FUNC_ID)
VALUES(1,2);

INSERT INTO GDDIANOS.FUNCIONALIDAD_POR_ROL
(FUNC_ROL_ID,FUNC_ID)
VALUES(1,3);

INSERT INTO GDDIANOS.FUNCIONALIDAD_POR_ROL
(FUNC_ROL_ID,FUNC_ID)
VALUES(1,4);

INSERT INTO GDDIANOS.FUNCIONALIDAD_POR_ROL
(FUNC_ROL_ID,FUNC_ID)
VALUES(1,5);

INSERT INTO GDDIANOS.FUNCIONALIDAD_POR_ROL
(FUNC_ROL_ID,FUNC_ID)
VALUES(1,6);

INSERT INTO GDDIANOS.FUNCIONALIDAD_POR_ROL
(FUNC_ROL_ID,FUNC_ID)
VALUES(1,7);

INSERT INTO GDDIANOS.FUNCIONALIDAD_POR_ROL
(FUNC_ROL_ID,FUNC_ID)
VALUES(1,8);

INSERT INTO GDDIANOS.FUNCIONALIDAD_POR_ROL
(FUNC_ROL_ID,FUNC_ID)
VALUES(1,9);

INSERT INTO GDDIANOS.FUNCIONALIDAD_POR_ROL
(FUNC_ROL_ID,FUNC_ID)
VALUES(1,10);

INSERT INTO GDDIANOS.FUNCIONALIDAD_POR_ROL
(FUNC_ROL_ID,FUNC_ID)
VALUES(1,11);

INSERT INTO GDDIANOS.FUNCIONALIDAD_POR_ROL
(FUNC_ROL_ID,FUNC_ID)
VALUES(1,12);

INSERT INTO GDDIANOS.FUNCIONALIDAD_POR_ROL
(FUNC_ROL_ID,FUNC_ID)
VALUES(1,13);

INSERT INTO GDDIANOS.FUNCIONALIDAD_POR_ROL
(FUNC_ROL_ID,FUNC_ID)
VALUES(1,14);

INSERT INTO GDDIANOS.FUNCIONALIDAD_POR_ROL
(FUNC_ROL_ID,FUNC_ID)
VALUES(1,15);

INSERT INTO GDDIANOS.FUNCIONALIDAD_POR_ROL
(FUNC_ROL_ID,FUNC_ID)
VALUES(1,16);

INSERT INTO GDDIANOS.FUNCIONALIDAD_POR_ROL
(FUNC_ROL_ID,FUNC_ID)
VALUES(1,17);

INSERT INTO GDDIANOS.FUNCIONALIDAD_POR_ROL
(FUNC_ROL_ID,FUNC_ID)
VALUES(1,18);

INSERT INTO GDDIANOS.FUNCIONALIDAD_POR_ROL
(FUNC_ROL_ID,FUNC_ID)
VALUES(1,19);

--Migracion choferes
INSERT INTO gddianos.PERSONA 
 SELECT DISTINCT
      [Chofer_Telefono]
	  ,[Chofer_Nombre]
      ,[Chofer_Apellido]
      ,[Chofer_Dni]
      ,[Chofer_Direccion]
      ,[Chofer_Fecha_Nac]
	  ,1
      ,[Chofer_Mail]
	  ,2   --tipo persona 2=chofer
	  ,'' 
  FROM [GD1C2017].[gd_esquema].[Maestra]

--Migracion clientes
INSERT INTO GDDIANOS.PERSONA
	   SELECT DISTINCT
	   [Cliente_Telefono]
	  ,[Cliente_Nombre]
      ,[Cliente_Apellido]
      ,[Cliente_Dni]
      ,[Cliente_Direccion]
      ,[Cliente_Fecha_Nac]
	  ,1 
	  ,[Cliente_Mail]
	  ,3
      ,''
 FROM [GD1C2017].[gd_esquema].[Maestra]

 --Migracion Turno
 insert into GDDIANOS.TURNO
      ([TURNO_HORA_INICIO]
      ,[TURNO_HORA_FIN]
      ,[TURNO_DESCRIPCION]
      ,[TURNO_VALOR_KM]
      ,[TURNO_PRECIO_BASE]
      ,[TURNO_ESTADO])
SELECT distinct 
       [Turno_Hora_Inicio]
      ,[Turno_Hora_Fin]
      ,[Turno_Descripcion]
      ,[Turno_Valor_Kilometro]
      ,[Turno_Precio_Base]
	  ,1
  FROM [GD1C2017].[gd_esquema].[Maestra]

 